RSS,
https://feed.podbean.com/alav/feed.xml,
https://couplegoals.podbean.com/feed.xml,
https://www.spreaker.com/show/3202978/episodes/feed,
https://feeds.megaphone.fm/extraterrestrial,
https://www.spreaker.com/show/3287452/episodes/feed,
https://anchor.fm/s/cbd6b70/podcast/rss,
https://rss.art19.com/dr-muerte,
https://anchor.fm/s/be93ea4/podcast/rss,
https://justreleasedpodcast.com/feed/podcast,
https://feeds.buzzsprout.com/233270.rss,
https://rss.art19.com/dr-lamort,
https://feeds.buzzsprout.com/499603.rss,
https://feeds.simplecast.com/3aS_dEH9,
https://feeds.megaphone.fm/gangsterhouse,
https://rss.acast.com/canadiantruecrime,
https://feeds.megaphone.fm/ADL9840290619,
http://a1inthea10.podomatic.com/rss2.xml,
https://feeds.megaphone.fm/HSW5422627364,
https://feed.podbean.com/cheersfromthegrave/feed.xml,
https://rss.art19.com/man-in-the-window,
https://feeds.buzzsprout.com/487468.rss,
https://actuallyapodcast.podbean.com/feed.xml,
https://americaoutloud.com/category/podcast/blue-lives-radio/feed/podcast/,
https://feed.podbean.com/deviousdestinations/feed.xml,
https://feed.podbean.com/deadacademy/feed.xml,
https://rss.art19.com/sword-and-scale-rewind,
https://www.spreaker.com/show/3545772/episodes/feed,
https://feeds.megaphone.fm/bearbrook,
https://adamchaffin.podomatic.com/rss2.xml,
https://rss.art19.com/gladiator-aaron-hernandez-and-football-inc,
https://highmysterypodcast.podbean.com/feed.xml,
https://feed.podbean.com/historyandmystery/feed.xml,
https://anchor.fm/s/451508c/podcast/rss,
https://arcanosyreyes.podbean.com/feed.xml,
https://feeds.megaphone.fm/conviction,
https://hoosierhomicide.podbean.com/feed.xml,
https://chimein.libsyn.com/rss,
https://www.ltaspod.com/rss,
https://rss.whooshkaa.com/rss/podcast/id/6912,
https://www.spreaker.com/show/3588169/episodes/feed,
https://mtrthenetwork.com/mtr-podcasts/mastermind-teams-robcast/feed/,
https://dontlookunderthebedpodcast.podbean.com/feed.xml,
https://rss.art19.com/dr-morte,
https://goodlucksleeping.libsyn.com/rss,
https://heyhaveyouheardabout.podbean.com/feed.xml,
https://feeds.buzzsprout.com/266751.rss,
https://www.omnycontent.com/d/playlist/bc559b08-358b-442a-81b6-a96000559829/c5fae094-0e75-4840-8b0d-a9ad0116ba3b/cf505041-2f72-4502-b876-a9ad0116ba3b/podcast.rss,
https://www.spreaker.com/show/3202819/episodes/feed,
https://rss.art19.com/dr-tod,
https://feed.podbean.com/lifeworld/feed.xml,
https://feed.podbean.com/freshhellpodcast/feed.xml,
https://rss.art19.com/case-closed,
https://www.spreaker.com/show/3268019/episodes/feed,
https://api.podcache.net/shows/6edc0310-b4e3-4895-8993-d724154d4288/feed,
https://rss.whooshkaa.com/rss/podcast/id/1784,
https://thetmpodcast.libsyn.com/rss,
https://truecrimefix.podbean.com/feed.xml,
https://anchor.fm/s/be116c0/podcast/rss,
https://feeds.megaphone.fm/END1705494124,
https://feeds.buzzsprout.com/264600.rss,
https://feeds.megaphone.fm/END4174429284,
https://audioboom.com/channels/4940872.rss,
https://rss.acast.com/drunkwomen,
https://feed.podbean.com/dropdeadsisters/feed.xml,
https://www.spreaker.com/show/3363980/episodes/feed,
https://darkestcornerspod.podbean.com/feed.xml,
https://deeplydisturbingthings.podbean.com/feed.xml,
https://podcast.rss.com/abouttheweekend/feed.xml,
http://feeds.feedburner.com/accordingtosami,
https://feeds.buzzsprout.com/414391.rss,
https://feed.podbean.com/fourcornerscrimecast/feed.xml,
https://adsfunny.libsyn.com/rss,
https://www.spreaker.com/show/3608377/episodes/feed,
https://audioboom.com/channels/4998552.rss,
https://feeds.megaphone.fm/ADL7112723593,
https://rss.art19.com/martinis-and-murder,
https://anchor.fm/s/c515840/podcast/rss,
https://feed.podbean.com/happywhiledigging/feed.xml,
https://wearetheworst.podbean.com/feed.xml,
https://pinecast.com/feed/according-to-the-technical-rules,
https://www.spreaker.com/show/3642555/episodes/feed,
https://feeds.megaphone.fm/13alibis,
https://rss.art19.com/my-favorite-murder-with-karen-kilgariff-and-georgia-hardstark-fb,
https://threespookedgirls.podbean.com/feed.xml,
https://fataliteas.libsyn.com/rss,
https://feeds.adknit.com/app-search/turner/somebody-somewhere/all/1000/100/,
https://rss.acast.com/theywalkamongus,
https://bumblebuttpodcast.podbean.com/feed.xml,
https://feeds.blubrry.com/feeds/channelb.xml,
https://www.omnycontent.com/d/playlist/566281f8-200e-4c9f-8378-a4870055423b/0a91f9bd-13f1-44c8-9e41-a4df00583a4c/0be78e8c-ad89-45ab-8e41-a8bd004b759b/podcast.rss,
https://www.spreaker.com/show/3430820/episodes/feed,
https://anchor.fm/s/bbde240/podcast/rss,
https://zeichendestodes.podigee.io/feed/mp3,
https://feeds.megaphone.fm/3menandamystery,
https://feeds.megaphone.fm/SPOT8662028366,
https://feeds.buzzsprout.com/226808.rss,
http://www.abc.net.au/radionational/feed/8597522/podcast.xml,
https://feeds.buzzsprout.com/494494.rss,
https://feeds.megaphone.fm/monster,
http://southerngothic.libsyn.com/rss,
https://justthetipsters.libsyn.com/rss,
https://www.spreaker.com/show/3620948/episodes/feed,
https://www.spreaker.com/show/3196047/episodes/feed,
https://feeds.fireside.fm/absurdcity/rss,
https://anchor.fm/s/2212634/podcast/rss,
https://www.omnycontent.com/d/playlist/fdc2ad13-d199-4e97-b2db-a59300cb6cc2/e03d4e1e-d40b-4706-82d2-a95f010d0639/4f01b694-96f6-408f-9d02-a95f010d064d/podcast.rss,
https://bomberpodcast.podbean.com/feed.xml,
https://anchor.fm/s/8458334/podcast/rss,
https://feeds.buzzsprout.com/475852.rss,
https://anchor.fm/s/b7a6b8c/podcast/rss,
http://www.spreaker.com/show/1533841/episodes/feed,
https://intermountainpi.com/feed/podcast/,
https://yoursinmurder.podbean.com/feed.xml,
https://www.spreaker.com/show/3202198/episodes/feed,
https://pinecast.com/feed/mysterious-brews,
https://anchor.fm/s/8e25290/podcast/rss,
https://anchor.fm/s/a58c14/podcast/rss,
https://audioboom.com/channels/4902514.rss,
https://drage.podigee.io/feed/mp3,
https://pinecast.com/feed/aboot,
https://adultconversation.libsyn.com/rss,
https://pinecast.com/feed/ad-hominem-the-podcast-of-illogical-debate,
https://feeds.megaphone.fm/scam,
https://anchor.fm/s/110abe8/podcast/rss,
http://adultafpodcast.libsyn.com/rss,
https://feed.podbean.com/lostboysofhannibal/feed.xml,
https://sexbyinvitationonly.podbean.com/feed.xml,
https://feed.podbean.com/dumblove/feed.xml,
https://feeds.buzzsprout.com/300656.rss,
https://bloodymurder.podbean.com/feed.xml,
http://withoutwarning.libsyn.com/rss,
https://feed.podbean.com/oldtimeycrimey/feed.xml,
https://feeds.buzzsprout.com/266694.rss,
https://feed.podbean.com/ultimatebetrayal/feed.xml,
https://truecrimestorytime.podbean.com/feed/,
https://rss.art19.com/deadtime-stories,
https://feed.podbean.com/milehighmurderpodcast/feed.xml,
https://anchor.fm/s/b5ca2f0/podcast/rss,
https://anchor.fm/s/b626fb4/podcast/rss,
http://rss.lizhi.fm/rss/130503902.xml,
https://pinecast.com/feed/detroit-strange,
https://feeds.megaphone.fm/darktopic,
https://anchor.fm/s/c8f4434/podcast/rss,
https://truecrimedaily.libsyn.com/rss,
https://audioboom.com/channels/4929680.rss,
https://talkingfeds.libsyn.com/rss,
https://anchor.fm/s/80833e4/podcast/rss,
https://iswthepodcast.com/feed/podcast/,
https://feed.podbean.com/downthetrabbitholes/feed.xml,
https://www.omnycontent.com/d/playlist/5f1392b8-2534-4e35-ae32-a73d00cf9931/0d5dd953-777e-450a-a02b-a73d00cfcc92/7898a17c-1ece-42f9-a594-a88b016a1851/podcast.rss,
https://anchor.fm/s/4fbad0c/podcast/rss,
https://www.spreaker.com/show/3207798/episodes/feed,
https://anchor.fm/s/b70e800/podcast/rss,
https://www.spreaker.com/show/3269715/episodes/feed,
https://feeds.megaphone.fm/KM8051210301,
https://anchor.fm/s/b555824/podcast/rss,
https://feeds.megaphone.fm/hostage,
https://anchor.fm/s/2cbe074/podcast/rss,
https://www.omnycontent.com/d/playlist/b6057e1a-352a-4857-80cc-a66a006e88fb/54364440-26a5-4f0b-8a09-a7880043d2a5/89ddada1-e42b-4e21-93f4-a7880045d2e5/podcast.rss,
https://feeds.megaphone.fm/wherebloodrunscold,
https://anchor.fm/s/883e778/podcast/rss,
https://www.spreaker.com/show/3270060/episodes/feed,
https://www.omnycontent.com/d/playlist/820f09cf-2ace-4180-a92d-aa4c0008f5fb/83b4346c-943e-4321-882d-aa7e00711c40/fc2371fa-0558-4683-a237-aa7e00713e81/podcast.rss,
https://www.omnycontent.com/d/playlist/fdc2ad13-d199-4e97-b2db-a59300cb6cc2/1f71cc2a-a88d-4eab-bcf4-a94c01256e9e/b4813bde-d659-4e39-9f6d-a94c01256eba/podcast.rss,
https://emily-potts-deng.squarespace.com/a206-podcast-1?format=rss,
https://feed.podbean.com/truthintheshadow/feed.xml,
https://anchor.fm/s/1ddca74/podcast/rss,
https://anchor.fm/s/36fcb58/podcast/rss,
https://feed.podbean.com/transpanic/feed.xml,
https://anchor.fm/s/adc6158/podcast/rss,
https://feed.podbean.com/montismysteries/feed.xml,
https://forgottendarkness.podbean.com/feed.xml,
https://feeds.buzzsprout.com/367949.rss,
https://feedpress.me/adrianhasissues,
https://feeds.buzzsprout.com/223846.rss,
https://pinecast.com/feed/cidad,
https://feeds.buzzsprout.com/250279.rss,
https://www.omnycontent.com/d/playlist/820f09cf-2ace-4180-a92d-aa4c0008f5fb/40d1a220-5190-4b75-aa90-aa720058d8e3/6c94c7db-0616-4c10-8745-aa720058d8e8/podcast.rss,
https://anchor.fm/s/76490e0/podcast/rss,
https://sipandshinepodcast.podbean.com/feed.xml,
https://anchor.fm/s/b8fb5f0/podcast/rss,
https://delvingintothecold.podbean.com/feed.xml,
https://rss.art19.com/dirty-john,
http://hasbrouniverse.libsyn.com/rss,
https://murderific.podbean.com/feed.xml,
http://feeds.adknit.com/app-search/hln/forensic-files/all/720/200/,
https://feeds.buzzsprout.com/458683.rss,
https://pinecast.com/feed/adagioforthings,
https://feed.pippa.io/public/shows/5a93262f874a89326d144dfb,
https://feeds.buzzsprout.com/263917.rss,
https://audioboom.com/channels/4956863.rss,
https://feed.podbean.com/wifeofcrime/feed.xml,
https://anchor.fm/s/2a23f6c/podcast/rss,
https://feeds.buzzsprout.com/246013.rss,
https://anchor.fm/s/2cf2590/podcast/rss,
https://feed.podbean.com/acrosstheloonaverse/feed.xml,
https://rss.simplecast.com/podcasts/2171/rss,
https://rss.acast.com/redhanded,
https://anchor.fm/s/af414ec/podcast/rss,
https://feed.podbean.com/fm4/feed.xml,
https://feeds.buzzsprout.com/273392.rss,
https://darkwater.podbean.com/feed.xml,
https://36times.podbean.com/feed.xml,
https://rss.whooshkaa.com/rss/podcast/id/4512,
https://advenlightenment.libsyn.com/rss,
https://anchor.fm/s/c5c1640/podcast/rss,
https://inreferenceto.podbean.com/feed.xml,
https://feeds.megaphone.fm/payneinthepod,
https://feeds.megaphone.fm/to-live-and-die-in-la,
https://feeds.megaphone.fm/advice-from-a-dipshit,
https://www.spreaker.com/show/3202197/episodes/feed,
http://www.ivoox.com/actualidad-musical_fg_f1318437_filtro_1.xml,
https://feed.podbean.com/aftertheplot/feed.xml,
https://feeds.buzzsprout.com/299135.rss,
https://anchor.fm/s/2d21138/podcast/rss,
https://feed.podbean.com/truecrimesaltlime/feed.xml,
https://www.omnycontent.com/d/playlist/bf51a523-1f9d-4e51-9cdf-a8d501394d60/85b1e575-2943-495c-b2b2-aa2401850fcf/1fd77eec-cea6-46a2-a869-aa250002d4f8/podcast.rss,
https://feeds.buzzsprout.com/131790.rss,
http://feeds.feedburner.com/GhostTownPodcast,
http://www.teamjavras.fr/Javras/feed/podcast/aaaaah,
https://feeds.transistor.fm/the-itch,
https://www.spreaker.com/show/3045266/episodes/feed,
https://www.spreaker.com/show/3531973/episodes/feed,
https://anchor.fm/s/970f374/podcast/rss,
https://anchor.fm/s/372254c/podcast/rss,
https://anchor.fm/s/8579f24/podcast/rss,
https://actra.libsyn.com/rss,
http://twistedpodcast.libsyn.com/rss,
https://feed.podbean.com/murdermayi/feed.xml,
https://anchor.fm/s/6d5cf90/podcast/rss,
https://adhdcast.wordpress.com/feed/,
http://feeds.podiant.co/bigfeelings/rss.xml,
https://murderwasthecase.podbean.com/feed.xml,
https://anchor.fm/s/b07181c/podcast/rss,
https://tacticalliving.libsyn.com/rss,
https://anchor.fm/s/863e5b8/podcast/rss,
https://rss.art19.com/riggins-week-in-review,
https://rss.whooshkaa.com/rss/podcast/id/7089,
https://feeds.megaphone.fm/HSW2732644812,
https://truecrimefanclub.com/feed/podcast/,
https://feeds.buzzsprout.com/45190.rss,
https://anchor.fm/s/81f3fe4/podcast/rss,
http://feeds.soundcloud.com/users/soundcloud:users:635758086/sounds.rss,
https://absolutelyirrelevant.com/feed,
https://feeds.buzzsprout.com/295634.rss,
https://feed.podbean.com/tacticalbreakdown/feed.xml,
http://lytbar.dk/wordpress/?feed=rss2&cat=11,
https://feeds.buzzsprout.com/314513.rss,
https://www.spreaker.com/show/3550120/episodes/feed,
https://audioboom.com/channels/4904127.rss,
https://abgekotzt.podigee.io/feed/mp3,
https://actionsciencetheatre.com/feed/podcast/,
https://www.worldoftrash.co.uk/feed/podcast,
https://feeds.megaphone.fm/ADV7325991997,
http://feeds.feedburner.com/CarollaReasonableDoubt,
https://anchor.fm/s/33f813c/podcast/rss,
https://rss.art19.com/accused,
http://feeds.soundcloud.com/users/soundcloud:users:200615474/sounds.rss,
https://feeds.buzzsprout.com/407650.rss,
https://www.spreaker.com/show/3633361/episodes/feed,
https://anchor.fm/s/32d0214/podcast/rss,
https://feeds.buzzsprout.com/264225.rss,
https://feed.podbean.com/thewawtapodcast/feed.xml,
https://feed.podbean.com/adamval/feed.xml,
https://anchor.fm/s/bdd7c7c/podcast/rss,
https://rss.art19.com/these-are-their-stories-the-law-and-order-podcast,
https://deathdamespodcast.libsyn.com/rss,
https://feeds.megaphone.fm/culpable,
https://brentlandes.podbean.com/feed.xml,
https://feed.podbean.com/mitad/feed.xml,
https://afictionadospod.wordpress.com/category/podcast/feed/,
https://truecrimelasvegas.podbean.com/feed/,
https://feeds.buzzsprout.com/399100.rss,
https://feed.podbean.com/thisdisasterpod/feed.xml,
https://anchor.fm/s/2b075b4/podcast/rss,
https://secretstruecrime.podbean.com/feed.xml,
https://pinecast.com/feed/add-sports,
https://feeds.buzzsprout.com/313634.rss,
https://anchor.fm/s/8aa988c/podcast/rss,
https://www.spreaker.com/show/3224154/episodes/feed,
https://aidanhatesdrama.podbean.com/feed.xml,
https://audioboom.com/channels/4982404.rss,
http://afterhourswitharitemkin.libsyn.com/rss,
https://feed.podbean.com/nightmaresociety/feed.xml,
http://www.keaweb.fr/jannick/podcast.xml,
https://feed.podcastmachine.com/podcasts/4513/iphone.rss,
https://wfmu.org/podcast/AV.xml,
http://onefootinthegrave.libsyn.com/rss,
http://addcomedy.libsyn.com/rss,
https://anchor.fm/s/9487250/podcast/rss,
https://mercadoairwaves.podbean.com/feed.xml,
https://adventurebrotherspodcast.libsyn.com/rss,
https://rss.acast.com/murdertown,
http://feeds.feedburner.com/AdventuresInRoommating,
https://feeds.transistor.fm/adventures-in-monster-hunting,
http://www.ivoox.com/adororo-and-me-podcast-edition-plus_fg_f1280486_filtro_1.xml,
https://feed.podcastmachine.com/podcasts/5487/ipodvideolarge.rss,
https://rss.art19.com/larger-than-life,
https://feeds.megaphone.fm/murderminute,
https://anchor.fm/s/3259c54/podcast/rss,
https://www.spreaker.com/show/3318547/episodes/feed,
https://feeds.buzzsprout.com/141431.rss,
https://rss.whooshkaa.com/rss/podcast/id/4943,
https://feed.podbean.com/afternoontonight/feed.xml,
https://anchor.fm/s/7307120/podcast/rss,
https://rss.art19.com/read-or-dead,
https://audioboom.com/channels/4999603.rss,
https://feeds.buzzsprout.com/279980.rss,
https://www.spreaker.com/show/3202062/episodes/feed,
https://adventureexe.podbean.com/feed.xml,
https://feeds.simplecast.com/hPADxCgO,
https://rss.art19.com/tjs-courageous-conservatism,
https://feeds.megaphone.fm/END9329892371,
https://feeds.megaphone.fm/darknetdiaries,
https://audioboom.com/channels/4985389.rss,
https://crimeinmusic.podbean.com/feed.xml,
https://rss.art19.com/mob-queens,
https://adamochkompani.libsyn.com/rss,
https://anchor.fm/s/2977424/podcast/rss,
https://feeds.buzzsprout.com/394516.rss,
http://ajgiffen.podomatic.com/rss2.xml,
https://feeds.megaphone.fm/END8394789342,
https://aaronfever.podbean.com/feed.xml,
https://feeds.simplecast.com/ow6BUwiB,
https://audioboom.com/channels/4886542.rss,
https://aberbums.de/feed/podcast,
https://rss.art19.com/the-hangover,
https://feeds.simplecast.com/0qAXUtJM,
https://www.spreaker.com/show/1111103/episodes/feed,
https://rss.art19.com/nerd-news,
https://anchor.fm/s/a907cd4/podcast/rss,
https://anchor.fm/s/d03a914/podcast/rss,
https://afterafew.podbean.com/feed.xml,
https://anchor.fm/s/25c0bf0/podcast/rss,
https://feeds.buzzsprout.com/260187.rss,
https://rss.acast.com/escape,
https://fairytalltales.podbean.com/feed.xml,
https://feeds.megaphone.fm/happyface,
https://feeds.buzzsprout.com/256465.rss,
https://anchor.fm/s/96ab1e4/podcast/rss,
https://truecrimeisland.squarespace.com/episodes?format=rss,
https://anchor.fm/s/2fbea1c/podcast/rss,
https://anchor.fm/s/7ab2a50/podcast/rss,
https://feed.podbean.com/excusemewhat/feed.xml,
https://anchor.fm/s/388b258/podcast/rss,
https://feeds.simplecast.com/GIQFPKPX,
https://aguantalavara4.libsyn.com/rss,
https://geschwestergrimmpodcast.podbean.com/feed.xml,
https://anchor.fm/s/30285e8/podcast/rss,
https://feeds.buzzsprout.com/341234.rss,
http://feeds.feedburner.com/Itsoktoadmitit,
https://www.spreaker.com/show/1843993/episodes/feed,
https://SeeNoHearNoSpeakNoPod1.podbean.com/feed.xml,
https://rss.art19.com/best-case-worst-case,
https://feed.podbean.com/leyendaslegendarias/feed.xml,
http://feeds.soundcloud.com/users/soundcloud:users:389056809/sounds.rss,
https://anchor.fm/s/94a7bcc/podcast/rss,
https://anchor.fm/s/4d88cdc/podcast/rss,
https://feeds.megaphone.fm/familyghosts,
https://anchor.fm/s/2c45598/podcast/rss,
http://feeds.feedburner.com/abajoadelantea,
http://feeds.soundcloud.com/users/soundcloud:users:153705980/sounds.rss,
http://bashboompow.podomatic.com/rss2.xml,
https://feed.podbean.com/narativlive/feed.xml,
https://feeds.buzzsprout.com/483001.rss,
http://madman405.podOmatic.com/rss2.xml,
http://acaentrenosconhandy.libsyn.com/rss,
http://feeds.soundcloud.com/users/soundcloud:users:444693801/sounds.rss,
http://feeds.soundcloud.com/users/soundcloud:users:470122302/sounds.rss,
http://murderintherain.libsyn.com/rss,
https://badintheboondocks.com/feed/podcast,
https://rss.art19.com/jensen-and-holes-the-murder-squad,
https://afterdubs.com/feed.xml,
http://feeds.soundcloud.com/users/soundcloud:users:365437586/sounds.rss,
https://anchor.fm/s/560fb6c/podcast/rss,
https://www.spreaker.com/show/3590590/episodes/feed,
https://rss.art19.com/crime-in-sports,
https://anchor.fm/s/554f038/podcast/rss,
https://feeds.buzzsprout.com/383353.rss,
http://www.upcpodcast.libsyn.com/rss,
http://www.spreaker.com/show/2118975/episodes/feed,
https://www.spreaker.com/show/3093210/episodes/feed,
http://aashotoffunny.podomatic.com/rss2.xml,
https://feeds.buzzsprout.com/278281.rss,
https://bear-platinum-9t3y.squarespace.com/podcast?format=rss,
https://www.alcoholyou.com/podcast?format=rss,
https://rss.acast.com/outoftheshadowspodcast,
https://www.omnycontent.com/d/playlist/27997ffc-4970-4800-9688-aa840105a739/66333e15-73a9-4831-ad76-aa850125f68b/93e44506-aa3c-42f0-9214-aaa4013fdb9d/podcast.rss,
http://feeds2.feedburner.com/AccordingToRoyalty,
https://murderetcpodcast.podbean.com/feed.xml,
https://mmmpodcast.podbean.com/feed.xml,
https://tenninetysixcrimechicks.podbean.com/feed.xml,
https://www.spreaker.com/show/3641037/episodes/feed,
http://feeds.soundcloud.com/users/soundcloud:users:472772583/sounds.rss,
http://feeds.soundcloud.com/users/soundcloud:users:189127861/sounds.rss,
https://feeds.simplecast.com/hDRoXFxm,
https://anchor.fm/s/171ca04/podcast/rss,
https://feeds.simplecast.com/iiUlP_PP,
https://anchor.fm/s/3410390/podcast/rss,
https://deathbymisadventure.libsyn.com,
https://rss.art19.com/cold,
http://feeds.feedburner.com/AddarChourasta,
http://actsofpod.libsyn.com/rss,
http://feeds.soundcloud.com/users/soundcloud:users:290833251/sounds.rss,
http://feeds.feedburner.com/adventureshowpodcast,
http://abcwiddamob.contentfilm.libsynpro.com/rss,
https://anchor.fm/s/abfb06c/podcast/rss,
http://feeds.soundcloud.com/users/soundcloud:users:568958667/sounds.rss,
https://podcast.rss.com/abovethelegallimit/feed.xml,
https://untildawnpodcast.podbean.com/feed.xml,
http://www.spreaker.com/show/2970206/episodes/feed,
https://anchor.fm/s/3acb6a8/podcast/rss,
https://rss.art19.com/real-crime-profile-wondery,
https://abcmurder.libsyn.com/rss,
https://audioboom.com/channels/4835137.rss,
http://adammetropolis.libsyn.com/rss,
https://anchor.fm/s/44e1e94/podcast/rss,
http://www.raiseyourchildrenmywaydamnit.com/adamspodcast.xml,
https://teaandtartspodcast.podomatic.com/rss2.xml,
https://anchor.fm/s/566b764/podcast/rss,
https://feeds.buzzsprout.com/445426.rss,
http://coronertalk.libsyn.com/rss,
https://anchor.fm/s/33bb174/podcast/rss,
https://maximumfun.org/feeds/are.xml,
https://audioboom.com/channels/4986466.rss,
https://necronomipod.podbean.com/feed.xml,
http://weddingsbysonita.com/feed/podcast/,
http://feeds.feedburner.com/acebraxton,
https://anchor.fm/s/a8ba7b8/podcast/rss,
https://anchor.fm/s/3b3a60c/podcast/rss,
https://www.spreaker.com/show/16534/episodes/feed,
https://feeds.megaphone.fm/after-elvis,
https://alexosigge.libsyn.com/rss,
https://anchor.fm/s/85681fc/podcast/rss,
http://feeds.soundcloud.com/users/soundcloud:users:170493079/sounds.rss,
http://www.abovetheairwaves.com/index.php/feed/,
https://feeds.megaphone.fm/END4115940173,
https://feeds.buzzsprout.com/346364.rss,
https://rss.art19.com/young-charlie-by-hollywood-and-crime,
https://www.omnycontent.com/d/playlist/7afbb53d-1cc8-4eaa-8f98-a9dc0041819b/64ddb695-da8d-4f9d-96f3-a9dd002dd915/00f529b7-966f-48df-8047-a9dd002e49aa/podcast.rss,
https://jacob-schatz-ca8a.squarespace.com/albumclub500?format=rss,
https://alsfiresidechat.libsyn.com/alsfiresidechat,
https://ach.podigee.io/feed/mp3,
https://truecrimesouthafrica.com/feed/podcast/,
https://www.spreaker.com/show/3318476/episodes/feed,
https://anchor.fm/s/5262d20/podcast/rss,
https://anchor.fm/s/c141700/podcast/rss,
https://anchor.fm/s/26032d4/podcast/rss,
https://anchor.fm/s/a258b7c/podcast/rss,
https://airjordanfoodpodcast.libsyn.com/rss,
https://anchor.fm/s/9161bfc/podcast/rss,
https://feeds.blubrry.com/feeds/a2b.xml,
https://www.spreaker.com/show/3634436/episodes/feed,
https://www.spreaker.com/show/3044802/episodes/feed,
https://aintnormalpodcast.podbean.com/feed.xml,
https://rss.art19.com/killing-lorenzen,
https://anchor.fm/s/32b9e38/podcast/rss,
http://feeds.feedburner.com/AfterPartyPodcast,
https://feeds.megaphone.fm/hitman,
https://www.spreaker.com/show/3120473/episodes/feed,
http://www.abouttoreview.com/feed/podcast/,
http://feeds.feedburner.com/Petrifyingproductions,
https://rss.art19.com/missing-and-murdered-in-the-midwest,
https://anchor.fm/s/49e8244/podcast/rss,
http://www.spreaker.com/show/1270542/episodes/feed,
https://lessonsfromlifetime.libsyn.com/rss,
https://accordingtoanidiot.podbean.com/feed.xml,
https://www.ahnansi.com/podcast/?format=rss,
https://anchor.fm/s/3b2b698/podcast/rss,
https://anchor.fm/s/10f80b0/podcast/rss,
https://albertsworld.libsyn.com/rss,
https://feeds.simplecast.com/fZBPdmnl,
https://feed.podbean.com/agropodcast/feed.xml,
http://feeds.feedburner.com/aaronsway,
https://audioboom.com/channels/4937302.rss,
https://feeds.megaphone.fm/END9153553982,
https://feed.podbean.com/adelaidemail/feed.xml,
https://anchor.fm/s/3dc86e4/podcast/rss,
https://www.spreaker.com/show/3201077/episodes/feed,
http://www.heidiandfrank.com/podcast?categoryID3=703,
https://anchor.fm/s/96845f8/podcast/rss,
https://anchor.fm/s/b2b70cc/podcast/rss,
https://anchor.fm/s/b1cbfdc/podcast/rss,
https://anchor.fm/s/3a5c99c/podcast/rss,
https://vovpodcast.podbean.com/feed.xml,
http://feeds.feedburner.com/ahhgee-podcast,
https://feeds.buzzsprout.com/233161.rss,
https://scarytalesandcocktails.podbean.com/feed.xml,
https://popculturearchitects.podbean.com/feed.xml,
http://acceptthemystery.libsyn.com/rss,
https://anchor.fm/s/1efe72c/podcast/rss,
https://alexspodcast.podspot.de/rss,
https://feeds.buzzsprout.com/451363.rss,
http://feeds.soundcloud.com/users/soundcloud:users:148869817/sounds.rss,
http://feeds.soundcloud.com/users/soundcloud:users:194026055/sounds.rss,
https://tiegrabber.com/feed/podcasts,
https://feeds.simplecast.com/F7kdWDQD,
https://anchor.fm/s/34a7844/podcast/rss,
https://anchor.fm/s/1462494/podcast/rss,